"","PER","PBR","PCR","PSR"
"000020",69.6801033510638,2.1767795663011,49.2475918421053,2.13213857910156
"000040",NA,1.88530048386364,NA,0.50047192331825
"000050",7.35684997706422,0.432522463592233,4.79459878923767,0.932709098575167
"000060",4.78712383488682,0.589244826879738,1.40147354059059,NA
"000070",19.7061381262136,0.300034327716186,2.78172529968022,0.24468362456803
"000080",NA,2.8645357957801,104.580861632509,1.45429629217237
"000100",94.100960075,2.28123539575758,57.0308848939394,2.54258200689003
"000120",89.0658267002519,0.967365211205953,4.16381691003297,0.339498739330395
"000140",NA,0.491248434764909,35.4926994117647,0.238217792034743
"000150",1.66456805958611,0.10261520818975,0.892354517023718,0.0377533307212568
"000180",NA,0.228345550057099,13.7899714942529,0.794521536423841
"000210",4.38009022556391,0.432371932845458,3.05897920604915,0.300281440397522
"000220",23.3063183829787,1.21038338563536,8.29846184848485,1.20505716611661
"000230",NA,0.328852880722516,7.38424195804196,0.361378028747433
"000240",7.13175153205552,0.319373115136447,11.3822152616034,1.27304625625295
"000270",8.36601422340833,0.527370606834126,4.23247519370205,0.262824582635091
"000300",4.55125788575949,0.427526008293698,5.61795895273437,0.135679008669811
"000320",27.0157090978261,0.218981959207048,2.16502198344948,0.140531789946851
"000370",NA,0.230001891535205,0.179996670287531,NA
"000390",34.1964371486842,0.460476474716513,5.03668454127907,0.240507979205997
"000400",NA,0.568746413750259,NA,NA
"000430",11.97375,0.326204665418015,30.9,0.199520933138929
"000480",11.8852459016393,0.412341817147732,3.625,0.382989963021659
"000490",51.9724341612903,0.729685443387681,2.21007607544582,0.193438042862288
"000500",12.6323263454545,0.27065755707051,NA,0.0836779415873781
"000520",158.84375,2.03972712680578,11.9882075471698,1.04933938893476
"000540",NA,0.202562834304775,0.177463686507937,NA
"000590",7.70051395876289,0.26098876799441,3.87020649740933,0.553296188148148
"000640",31.931545,0.846491620029455,6.53145238636364,0.821416903988567
"000650",NA,1.75429749019608,14.9115286666667,1.50116060402685
"000660",30.0486745797944,1.26184728035467,9.33134818168497,2.24140153947471
"000670",4.22167107296137,0.26595899959443,4.75422600289995,0.318942109529522
"000680",NA,0.345920054832499,NA,0.44605480754717
"000700",36.4585368,0.454899576628119,4.73037977468354,0.408303744550669
"000720",9.37531354810996,0.438267669477912,7.97557473272082,0.221051388956409
"000760",NA,0.224283305227656,15.3461538461538,0.646677471636953
"000810",12.9304570660964,0.58054965949558,9.13757983679525,NA
"000850",9.21066666666667,0.232827772160431,3.88089887640449,0.33452784503632
"000860",6.78938356164384,0.176630434782609,8.85044642857143,0.29812030075188
"000880",19.8224210333333,0.0976794728975033,0.708534053377815,0.0353884737286858
"000890",NA,1.405129337325,23.41882228875,1.47908351297368
"000910",NA,0.908491273739496,7.95905238588957,0.610793568220339
"000950",NA,0.527857988165681,NA,0.324392727272727
"000970",NA,NA,NA,NA
"000990",14.1345409216061,2.29327280967892,9.17736176536313,1.8311530596978
"001020",NA,4.01707121538462,NA,0.196618696536145
"001040",9.05568376712842,0.165498226779153,0.625879297779848,0.0716043403049761
"001060",NA,3.41848774619731,14.1728654126126,1.53841977390964
"001070",NA,1.39329896907216,NA,1.12408829174664
"001080",NA,NA,NA,NA
"001120",20.4641958041958,0.37793878341728,2.60122666666667,0.0555770162094408
"001130",15.5579411764706,0.348098183732561,80.1469696969697,0.283204839918621
"001140",NA,2.39272584360731,NA,1.1762221318743
"001200",8.32629016707022,0.435506311930091,NA,NA
"001210",NA,2.55234035502959,NA,0.685763942766296
"001230",NA,0.294869543658424,2.68642037175644,0.101362708428178
"001250",NA,0.37367221395104,4.27584560481928,0.0364987077904047
"001260",27.3436970512821,2.01588692816635,NA,0.451483566892464
"001270",7.12693983272727,0.403273344444444,3.04806913530327,NA
"001290",NA,0.659567704901961,6.77274220469799,NA
"001340",10.415455623125,0.996098565271966,5.46384557278688,0.989591983194774
"001360",NA,1.83183669642857,NA,5.86516323430493
"001380",95.26777798125,0.585812624019985,4.79334731981132,0.605836425953895
"001390",1.88224687617066,0.13382947972773,1.23301925562372,0.0874511336298588
"001420",NA,0.829627329192547,17.8093333333333,1.21981735159817
"001430",23.5605781802326,0.204347710503757,1.25306723778602,0.136873693619752
"001440",NA,2.55078813620921,10.0678834770076,0.512881180535795
"001450",7.79052396878484,0.464799130897481,1.53742299794661,NA
"001460",4.65091025179856,0.297709659221736,6.91418743315508,0.757885726846424
"001470",13.2527784302703,0.488886143489531,NA,0.433365269041096
"001500",3.82036194777159,0.277296793216741,NA,NA
"001510",12.6629930434615,0.692889131806384,NA,NA
"001520",NA,0.348220553393969,9.60361802306397,0.529080792589501
"001530",14.6544663951613,0.345795210846813,3.1384349447323,0.193417118999468
"001550",NA,2.6610224875,NA,1.80153849647391
"001560",10.390625,0.791666666666667,9.63768115942029,0.819975339087546
"001570",NA,2.61838108491947,NA,1.0355265089751
"001620",NA,0.206662266122449,0.855756425915493,0.0592190119298246
"001630",13.6936200666667,0.832607624645318,5.53650407008086,0.855138638634471
"001680",8.20951338619403,0.860946815691645,5.2603696054991,0.296916273616734
"001720",NA,NA,NA,NA
"001740",NA,0.558753258981477,2.76177934804889,0.0986727557360849
"001750",NA,0.34769154631829,NA,NA
"001770",NA,0.719335657894737,9.8405118,0.332001072874494
"001780",NA,0.536969745085694,3.20500313402923,0.337851342693662
"001790",12.0205620816327,0.380577778591428,20.7885014823529,0.146713934407174
"001800",16.6968170206612,0.242127859479866,2.35880310507881,0.384163312321734
"001820",20.8953547297297,4.01885964912281,23.6974137931034,2.4302652259332
"001880",NA,1.33678163171691,4.84543650831354,0.478145660598484
"001940",4.73327487640449,0.15865526664658,3.12045528888889,0.178047956043956
"002020",NA,0.324812102082483,1.42641632635983,0.0541623811620517
"002030",3.40017832365145,0.112167952364657,0.726778692682927,0.106255572614108
"002070",NA,0.718659595261599,5.47370052631579,0.363819175412294
"002100",65.3162694444444,1.45578609460129,NA,1.29197016483516
"002140",20.5334599166667,0.964515340553236,8.88467015625,0.480002959090909
"002150",15.3871724137931,1.05992399049881,6.84748849104859,0.518769230769231
"002170",3.82126696832579,0.513842409491938,3.23563218390805,0.879229567933368
"002200",4.14444444444444,0.301049233252623,2.3167701863354,0.274668630338733
"002210",NA,4.79761268473609,NA,3.88800750520231
"002220",NA,0.27192305952381,13.9805959224138,0.234356810260116
"002240",32.2,0.21728861596599,3.93643031784841,0.196377386107215
"002270",10.0510056,0.532738812720848,7.91833424369748,0.210801291946309
"002310",4.17921469543974,0.438713937938109,2.32430962228261,0.36778526917013
"002320",NA,0.630603859948762,3.9748409569378,0.322258356204238
"002350",4.28846261954315,0.325371513980358,1.73892377917667,0.250653355896751
"002360",NA,0.930604668383838,5.72235168757764,0.653867013271824
"002380",NA,0.26839808441121,4.34945542030568,0.439487553132814
"002390",14.295933273639,1.45037230014535,56.6963717329545,1.05481621828753
"002410",6.70589564670051,1.887230632,14.6784604711111,0.478472090691778
"002420",NA,1.15908975,NA,5.090904
"002450",9.65219314338235,0.585503241525424,23.8672412272727,0.494611253767898
"002460",16.9783636363636,0.352381132075472,2.88594701986755,0.28961763402747
"002600",NA,0.722779922779923,30.1935483870968,0.479753972321886
"002620",NA,0.712682816252588,13.6597539781746,0.47083271816441
"002630",NA,NA,NA,NA
"002690",NA,0.217816091954023,3.69155844155844,0.223116169544741
"002700",NA,1.97808565661871,NA,0.942268355962988
"002710",8.51,0.364297945205479,NA,0.097323879231473
"002720",NA,3.25779698360656,55.20156,1.78870941494149
"002760",NA,2.56519362186788,75.0746666666667,3.1194459833795
"002780",NA,3.75627760446612,NA,0.669462833806038
"002790",32.7489106806283,0.675688547707597,5.27406571669477,0.696740982766577
"002810",6.47374853072626,0.582897880784708,28.2634387073171,0.845223185266229
"002820",NA,0.207613102998155,2.41992046935484,0.0987289333845141
"002840",12.9923151125402,1.7990249332146,20.5107106598985,1.616244
"002870",2.90727964285714,0.827034557329463,3.2561532,0.363178336520076
"002880",7.14537536881188,0.305797844173729,1.760202225,0.0561620943385214
"002900",29.9610961555556,0.916552907545887,8.27146826380368,0.218375336410755
"002920",3.66843965517241,0.208665740438052,2.06572330097087,0.24588154853621
"002960",NA,3.10061287027579,11.765503875969,1.43319169027384
"002990",22.2934648615385,0.692784963824701,4.18673417142857,0.163255641785066
"003000",NA,7.56608564104135,NA,14.6868428168847
"003010",13.8458396673913,0.666920025863874,2.40342877245283,0.244119825488693
"003030",NA,0.118525568217112,1.73277973945946,0.0606233692272779
"003060",NA,1.7543754947641,871.172745685714,11.980764675442
"003070",5.50186812909836,0.573944345233006,1.81168127327935,0.0770618422835165
"003080",NA,0.60087312414734,NA,2.10233890214797
"003090",24.225825,1.47309635548626,10.9147399277978,1.10689864538332
"003120",NA,0.659033285094067,51.7490909090909,4.70446280991736
"003160",216.015450458333,0.910817078531272,NA,1.18364630388128
"003200",23.3915492957746,0.229646017699115,5.62983050847458,0.334703748488513
"003220",15.9427642673993,2.13142734818805,14.0399182096774,1.36953261327879
"003230",15.419930033557,3.19550705841446,17.505292,1.69063250551876
"003240",5.64471711976488,0.220519547620415,2.06851373182552,0.263278272789582
"003280",NA,0.974660201359223,NA,0.294686890626223
"003300",19.069002057971,0.151028597566575,2.10185485942492,0.159312403680833
"003350",NA,3.88524583333333,35.1871320754717,2.43780130718954
"003410",18.9860137246377,1.38089675411928,6.80072786693989,1.61785271322717
"003460",NA,0.26959926870229,13.8889061460674,NA
"003470",6.96984335228677,0.446162626364931,1.02074642867487,NA
"003480",3.49874670231023,0.294069417697642,1.58226903104478,0.120797658477666
"003490",NA,1.12138732116657,1.33622739113854,0.245861035897315
"003520",NA,10.5976703368739,131.958088710753,5.56557925174603
"003530",3.85924351371951,0.3286736729704,NA,NA
"003540",5.57595945089757,0.261796410510659,NA,NA
"003550",12.1120756827484,0.687652096619526,15.9763411870038,1.98923707356318
"003560",NA,1.61297282308254,5.43881722857143,2.22372587593152
"003570",10.3964757487952,0.279665366115702,5.24563821975684,0.460094634577446
"003580",NA,2.032881027127,NA,4.71047575142857
"003610",NA,NA,NA,NA
"003620",NA,1.4125328891094,NA,0.157121335467314
"003650",5.67113414689266,0.389217039162466,15.4429345230769,0.310099086808774
"003670",44.0202102772277,4.41820653681805,70.796835,2.9963884876668
"003680",NA,2.07191231963928,NA,0.382778321917808
"003690",4.4715818927398,0.343561686954397,2.72453181517598,NA
"003720",NA,1.26252821670429,10.3574074074074,0.503420342034203
"003780",7.00661764705882,1.15924574209246,5.0686170212766,0.770954692556634
"003830",NA,0.218843644544432,12.6881739130435,1.0221646234676
"003850",23.7360559006211,2.70071024734982,16.2617234042553,1.45775510204082
"003920",6.65753424657534,0.21311115983337,NA,0.188591385331781
"003960",1.60877447336562,0.313481414248644,1.71907854463131,0.0999359039633
"004000",6.41935866983373,0.724010448061081,4.1981359223301,0.824388011896591
"004020",200.558869853801,0.199002923022914,5.47502661957216,0.167192685203241
"004060",13.126319571134,0.621402146608101,4.0809390974359,0.407440959488
"004080",44.016,1.00036363636364,97.8133333333333,0.715707317073171
"004090",NA,0.455852919971161,2.94078139534884,0.130257107540173
"004100",NA,0.54588687150838,NA,0.0830016988744957
"004140",NA,0.550039941176471,2.1408962020202,0.100449632227488
"004150",5.67862977628458,0.314995249594387,4.0931434,0.265268340731167
"004170",3.9182473774696,0.373985135265,2.61117283137106,0.322568174204748
"004250",8.73375,0.442526389866291,3.12074441687345,0.276712871287129
"004270",NA,1.23096050291036,NA,1.4484864
"004310",NA,NA,NA,NA
"004360",36.1599103636364,0.242980460598656,3.87679350877193,0.274961298216508
"004370",31.2699201408451,1.14400181893131,13.6625497230769,0.947209492725799
"004380",NA,1.14869888475836,NA,0.932327586206897
"004410",NA,2.1189348,11.77186,0.853033333333333
"004430",9.13793103448276,0.730027548209366,4.07692307692308,0.390519464570797
"004440",NA,0.319668683644189,7.61740418803419,0.455875340153453
"004450",10.707776577381,0.619885067195038,5.48447092987805,0.775390717672414
"004490",5.22321428571429,0.388262065042192,7.5,0.359525899912204
"004540",NA,0.880568110344828,5.60801024,0.240666881723325
"004560",5.21533187798165,0.282119689677419,3.19365828483146,0.155044640583663
"004690",8.38896706349206,0.227656655179841,1.00000931882687,0.0916058917841461
"004700",NA,1.24762007563636,11.7902240824742,3.17093826987061
"004710",45.6948263846154,1.13451631588999,3.13308408755274,0.30550953661798
"004720",335.345613866667,1.79010114163701,40.241473664,1.05787259894848
"004770",218.071693841667,2.42751421716141,24.2301882046296,5.11105532441406
"004800",14.5688764946962,0.557446864622537,10.7300603160511,0.44785453622458
"004830",352.8,1.12,30.6782608695652,0.813840830449827
"004840",15.1154494382022,0.291500541711809,3.21836124401914,0.245936928702011
"004870",NA,0.327562643409276,0.639514676330421,0.098489171559633
"004890",44.3559059210526,0.476405999152063,7.08203539915966,0.475197187764308
"004910",NA,0.409125651418645,5.74439024390244,0.347374631268437
"004920",NA,0.954883361022364,NA,0.734345189189189
"004960",2.30126618358832,0.322033940443752,NA,0.101928810817471
"004970",15.3941747572816,0.306041304767419,NA,0.429004329004329
"004980",11.03223285,0.479542472120909,3.39753719628319,0.271361113358779
"004990",NA,0.422060260500481,5.02813725722367,0.371367469112034
"005010",NA,0.137597435400908,6.27254515862069,0.10162224
"005030",NA,0.477501254352159,3.88453723135135,0.0702482295014663
"005070",NA,2.8949516377551,NA,1.744804800123
"005090",NA,0.444134212412028,22.7600581639344,0.488516378606615
"005110",NA,2.43662183632959,6.37821598333333,0.94286671057971
"005180",14.6690011970803,1.0556749241814,9.60025396815287,0.68643510099055
"005190",6.47889914285714,0.696599503637834,2.81599211111111,0.428703276616915
"005250",424.0376935,0.844360202110713,165.209490974026,0.834281925826338
"005300",NA,0.6509332247557,5.96082028337062,0.329016670096728
"005320",NA,1.76276094356589,29.1533540666667,0.509628331958763
"005360",NA,2.09997888384106,60.98015605,1.20112428583333
"005380",8.81919026879195,0.344148650325146,62.6040662243926,0.248530323500374
"005390",NA,NA,NA,NA
"005420",NA,1.01133477112676,29.4583666666667,0.564835939036382
"005430",6.49782667177914,0.327908900154799,2.67461047348485,0.200216587429112
"005440",14.2099401740876,0.367938348865999,4.39449617121896,0.249241340953174
"005490",9.59715583346957,0.368487314911486,2.93299260079604,0.273615290336012
"005500",NA,2.06916455696203,17.3161016949153,1.68937577511368
"005610",28.5355347128713,1.7862342770375,6.08677720380148,0.230640925576184
"005680",17.8837209302326,0.317506193228737,6.83555555555556,0.765174129353234
"005690",NA,26.1956577669903,NA,41.5100423076923
"005720",3.60426939771959,0.105813413511034,0.659983756093412,0.0931230080500153
"005740",NA,0.27667267621222,1.28917693809524,0.120585447109553
"005750",39.3313298181818,0.542841440401506,48.0716253333333,0.366027604060914
"005800",21.8368421052632,0.26819650937298,25.1454545454545,0.47094211123723
"005810",8.58603717083333,0.285289896303475,NA,0.779367973146747
"005820",12.9066666666667,0.332932072226999,8.23829787234042,0.489506953223767
"005830",8.7375,0.536546811728546,1.50199399071292,NA
"005850",6.60126462412587,0.410813450895771,NA,0.250370658982407
"005870",NA,0.847204699913644,NA,0.503884459424756
"005880",4.31860490607735,0.43658818588025,1.11348645014245,0.388618617878095
"005930",16.2672695049081,1.33075443216763,7.70839363350513,1.51835022098438
"005940",5.20206964611987,0.458742255657351,9.93008477209956,NA
"005950",NA,0.347391188040913,NA,0.0873633161851998
"005960",4.51755620568562,0.642296388730385,5.59316482608696,0.233815008741561
"006040",16.0486342745536,0.666647024107557,3.72142244047619,0.268015662230672
"006060",6.54463728813559,0.851640052933392,4.18346262188516,0.270799915842626
"006090",NA,0.467201438484487,2.80655774516129,0.249690564700255
"006110",11.594,0.5328125,6.16702127659574,0.30334903192046
"006120",5.4876300443459,0.426122787534435,4.55157912643678,0.19716166975364
"006200",NA,0.102568985621131,1.12965750981818,0.114527489474654
"006220",3.56410593297491,0.199796173457906,NA,NA
"006260",54.0272727272727,0.320017324936202,4.50079025353968,0.134322242094298
"006280",NA,2.32427978971371,68.2923002233251,2.00933029057458
"006340",NA,0.855575158084577,16.7776201731707,0.171413512858211
"006360",4.76901674695534,0.510398751049964,2.78490981904386,0.203001173665111
"006370",NA,0.185275660027952,NA,0.5224226
"006380",NA,0.569105691056911,4.72972972972973,0.238527941844616
"006390",NA,2.31436614613881,11.5774893276284,1.23280217000781
"006400",75.8049376998597,2.13458293168408,29.2757667533312,2.67637810624517
"006490",NA,8.32792298832685,14.7605255724138,2.8423322815405
"006570",NA,0.734685114503817,NA,0.366942401960784
"006650",7.91862652869238,0.473265489711009,3.65501519756839,0.405799546835077
"006660",10.76736605,0.23632079122085,7.07991192328767,0.687278684042553
"006740",8.14,0.632431077694236,10.5141666666667,0.759297893681043
"006800",7.38343811277694,0.529247054072398,NA,NA
"006840",8.87071664134276,0.175565620637807,0.915540776622903,0.0667751778028993
"006880",NA,0.500049957395143,NA,0.172260555665399
"006890",9.23265306122449,0.763544303797468,2.72530120481928,2.16459330143541
"006980",8.40012605042017,0.576811886901327,NA,0.29331426056338
"007070",19.9876033057851,1.04294731064764,3.30765883376849,0.295367995647781
"007110",NA,3.5071875433526,910.1151675,2.728981011994
"007120",3.48682312828571,0.701372468333333,NA,6.50873650613333
"007160",NA,0.353092783505155,4.69178082191781,0.232866467228719
"007210",NA,0.425707032590051,8.32842953020134,0.286259746251442
"007280",NA,0.709380225185185,14.963489125,0.122463338107417
"007310",20.7077662396694,1.48868308354994,10.7595908319914,0.849477379327881
"007340",3.63004132978723,0.381499312410158,2.6393007679558,0.256890427511293
"007460",42.531481932906,0.944247321850095,NA,6.36340586464194
"007540",14.2363983471074,0.671842511700468,4.20147365853659,0.61302640569395
"007570",170.24412288,7.64454974764257,47.0287632265193,5.24473576340111
"007590",13.7665192484375,0.642638389423778,23.1857166289474,0.70710853282504
"007610",NA,0.54728323699422,NA,0.530123180291153
"007630",NA,0.812085593591906,NA,5.06912375789474
"007660",NA,2.38379298973684,11.6882753045161,0.352330352430961
"007690",6.31442663583815,0.413629613025369,2.48554222525597,0.194827146067416
"007700",11.2355716878403,2.55976845151954,7.66188118811881,1.36016697791937
"007810",519.656522,0.931522574647887,7.70677045338983,0.669413995951417
"007860",NA,0.190463827726708,0.684785088521661,0.0696101794787978
"007980",7.673840428125,0.466342988578405,NA,0.0884592556556196
"008040",138.008053333333,0.630493644670051,NA,0.301327627365357
"008060",2.97407300061919,0.184788992824853,1.07152881115449,0.17918775959709
"008110",NA,NA,NA,NA
"008250",104.0500325,0.466330677871148,6.45271519379845,0.297604669288523
"008260",NA,0.573807577321912,4.45001820454545,0.429387721491228
"008350",42.0200253586207,3.40195626856505,21.9960421552347,1.87589398922414
"008420",NA,0.494626333557951,12.5117979375,0.338572637915129
"008490",20.6565235268139,1.99030940972644,29.6294930226244,1.42134099370523
"008500",NA,0.514576271186441,NA,0.381407035175879
"008560",3.87846892540984,0.52976374991914,NA,NA
"008600",NA,0.8215327781158,3.5623059612766,0.310512574517804
"008700",337.4210875,2.33914098786828,6.39660829383886,0.554740793259351
"008730",22.5516483516484,1.20011695906433,10.3908860759494,0.810185550730359
"008770",16.2358167012375,2.99643077128874,6.82491477384196,0.481908959508859
"008870",NA,NA,NA,NA
"008930",99.339253543974,4.72311457921635,234.593467984615,3.73464986994857
"008970",69.3497525,1.56428013157895,NA,0.763950761933905
"009070",9.67605633802817,0.348200709579321,2.21612903225806,0.153966831017481
"009140",148.04761725,0.543294008256881,74.023808625,2.22627995864662
"009150",20.9862707991445,1.98766856448316,10.5681377381768,1.34230910755149
"009160",16.4951253494737,0.355176089800544,4.17876508853333,0.3643424571495
"009180",8.89523419491525,1.11426500530786,1.79119050341297,0.11391769426959
"009190",NA,2.06119364842579,41.6610958636364,0.90687082025066
"009200",NA,0.124604126471871,1.0947021532567,0.0762794149684079
"009240",57.8703147540984,4.02912512636556,31.1216931989924,1.45493549222798
"009270",99.924936325,0.693923168923611,4.64767145697674,0.20728242829308
"009290",21.6718236818182,1.11870195988827,17.0859770324232,0.404279356416054
"009310",NA,0.927357281921618,NA,0.652035208888889
"009320",NA,3.11186351626016,47.8449015625,2.15033265449438
"009410",13.4897689768977,0.780336006109202,34.1565459610028,0.312460503516461
"009420",82.98643015625,11.3485716452991,77.7238760487805,14.6851563041475
"009440",11.4637275853659,0.319302194972826,0.985351846960168,0.134500738589212
"009450",23.652566953405,2.19238079069767,8.39575849872774,0.852262195531448
"009460",NA,1.38575826041909,11.4458302471154,0.65621077491731
"009470",42.328448,2.07153905383361,18.6743152941176,0.650873111225013
"009540",39.1602616258379,0.497141404175982,NA,0.423260767773636
"009580",18.4943693445545,0.300987963873671,3.57841245938697,0.295886472960558
"009680",21.2473684210526,0.593822015199804,8.10100334448161,1.16676300578035
"009770",NA,0.343983008667389,3.77971805952381,0.431674122365738
"009810",NA,1.07255609782082,NA,5.03370077727273
"009830",NA,0.703527144984326,3.38656653540337,0.42980205805878
"009970",3.7638741553719,0.176817475948286,1.61213724884956,0.16633629393718
"010040",NA,0.559792840427046,12.6856280774194,0.351276882894149
"010050",7.39856172127341,1.07564169865505,NA,NA
"010060",NA,0.469758992404215,NA,0.484293012130053
"010100",6.38390384210526,0.319055255589654,1.35272311895911,0.0762856433962264
"010120",16.2271414821944,1.23724957804359,7.80194354465525,0.718425089483552
"010130",12.9248617475115,1.19620744618624,11.8090731918579,1.22186547768417
"010140",NA,0.681742841357237,NA,0.486877015388383
"010400",25.3703714285714,0.497923177570093,NA,0.496531034482759
"010420",NA,0.708031071532847,1.75301668915663,0.124412471312527
"010580",NA,0.973496582068965,1.78035861405405,0.247333925106383
"010600",NA,1.98994713333333,NA,1.79522676945107
"010620",24.1676229878049,0.547210834855565,NA,0.430224209361745
"010640",3.88815789473684,1.1109022556391,8.69117647058824,0.841880341880342
"010660",NA,0.602969502407705,19.2641025641026,0.470444583594239
"010690",11.481407530303,0.252843809476143,0.926372734718826,0.0650839901228206
"010770",NA,0.355021392419355,NA,0.0757574473584581
"010780",21.7323173827534,1.12791000235553,NA,1.48999707395498
"010820",NA,4.14596110989011,3.68679929315961,0.896157864608076
"010950",106.041284207951,1.06749684253302,10.2076832310863,0.284292987152684
"010960",5.08680555555556,0.576166754063975,3.63824503311258,0.301357652221613
"011000",NA,17.0884480431535,NA,9.99591256893204
"011070",37.7100531867058,1.74985867776467,5.01656494278283,0.464670196817673
"011090",NA,1.26181680332103,NA,0.18809260379538
"011150",NA,1.98623527763975,17.5224043671233,0.857329436193029
"011170",8.2213067951049,0.41828737847877,4.59991733195086,0.388682140939597
"011200",NA,1.54927551124461,4.23034082121212,0.306392971270247
"011210",18.3271211521739,0.327206509994178,2.27748106168393,0.13830654958576
"011230",NA,1.9882997037037,NA,0.770585052631579
"011280",13.0191567096774,0.754616125895918,4.6301398623327,0.422685136673067
"011300",NA,0.282496807566204,9.33416535,0.103282604149378
"011330",6.41296534666667,1.0844924487035,16.3041491864407,0.884140443014706
"011390",35.0646153846154,1.76226804123711,9.17798657718121,0.969872340425532
"011420",NA,1.78819936972477,48.728432825,1.35828384181185
"011500",NA,0.627821387032419,3.99613295555556,0.368963912359551
"011690",NA,0.617860824415584,NA,0.65893744432133
"011700",26.463891909375,0.522743543888889,141.14075685,0.801936118465909
"011760",12.1399962378049,0.582492505266238,1.41604508036984,0.0466988643570859
"011780",8.88382436150713,0.995274816283845,4.69280017374933,0.525758785210631
"011790",44.2618538023451,1.53060279888786,65.2452511604938,1.04040974564926
"011810",NA,1.9726902,222.12491652,0.0754910673327896
"011930",124.334939561905,2.13668881407529,29.3374576494382,0.578814837242297
"012030",32.0049438863636,0.667401673459716,4.54263719677419,0.590447602096436
"012160",92.8486779181818,0.614152409561034,NA,0.517131877012658
"012170",NA,NA,NA,0.252318138535032
"012200",906.28,0.491208672086721,NA,0.241674666666667
"012280",NA,1.26324224596888,26.2680078794118,0.383969160748065
"012320",7.25100458241758,0.159189726658625,2.03654758333333,0.242767261589404
"012330",8.46516679442965,0.598315239188389,7.33374591581256,0.509639136477366
"012450",9.8042965204236,0.453921692232262,1.81251293525381,0.246220246575863
"012510",61.5737845849802,8.58301239669422,51.7547093023256,11.8600437761705
"012600",NA,5.55598390869565,NA,0.568787670178042
"012610",25.5417463,1.5062529410278,52.5859482647059,0.996612174470457
"012630",2.23041966944661,0.242665120703837,3.36662168929412,0.354008589831137
"012690",NA,3.31444553763441,27.6628723717949,1.82856275
"012750",22.2396280518417,2.4558070747213,11.6523569421015,1.51537507432024
"012800",22.0702973068627,0.523284594444444,9.45869884579832,0.125204133776418
"013000",NA,1.25916744780093,12.9514366059524,2.15004085948617
"013360",27.4673863578947,0.572865357628979,NA,0.138871830973922
"013520",4.79998561304348,0.420890846740374,1.09198485756677,0.0711338074097938
"013570",6.65212675518293,0.230012394655281,1.36710374417293,0.127700899900503
"013580",2.97489011103352,0.423716196439228,15.6619214669118,0.0935985112053434
"013700",NA,0.824713717912553,7.69371086842105,0.206323932956951
"013870",35.0011657037037,0.404378037655113,3.21439276870748,0.197912350575916
"013890",16.2374408618785,3.14245046351243,NA,1.43873542822176
"014130",10.6105263157895,0.838834951456311,1.87826086956522,0.104745410460686
"014160",NA,0.763443335149502,3.97571702214533,0.425391417771196
"014280",NA,0.269612045229835,3.34260955,0.169654004811715
"014440",17.0980392156863,0.594410361281527,19.3777777777778,0.664634146341463
"014530",7.4702889375,0.635393743059657,35.8573869,0.135208849547511
"014580",25.0266175609756,0.505962189349112,2.14663456066946,0.550478175965665
"014680",20.0440743641619,3.33041189492893,17.0650829970472,2.95066785653506
"014710",NA,0.331644477263828,1.95823603193642,0.194195949283462
"014790",53.414170308,0.511434032056683,NA,0.102333838432064
"014820",14.2176029633508,0.94651870547229,4.42634419885901,0.521021136991558
"014830",5.72053506656805,0.545581504655756,5.3339058,0.441851200297075
"014910",NA,1.08813471569343,14.907445605,0.830498362395543
"014990",NA,1.89393915350877,11.52912475,0.586419678641975
"015020",NA,0.676511967280164,1.98092426347305,1.38997626890756
"015230",5.25808399305556,0.397461467191601,1.69009842633929,0.273048717994951
"015260",NA,0.256338931370558,NA,0.143191217807183
"015350",NA,0.598700910855607,4.67307692307692,0.412160773026316
"015360",10.507614213198,0.339901477832512,2.09939148073022,0.186789388197076
"015540",NA,33.724988034375,NA,14.0155794428571
"015590",NA,1.68340956633833,14.4248122473394,1.06886780078858
"015760",NA,0.178453817042776,1.49677503525337,0.207757471317951
"015860",18.7990411428571,0.458601971732817,2.81985617142857,0.26430251997322
"015890",6.88862044902913,0.413477800844988,2.37300303093645,0.273105429657429
"016090",NA,0.389026317771084,8.70719578651685,0.258658352803738
"016360",6.73510719754977,0.533169337077971,NA,NA
"016380",NA,1.37167908195616,NA,0.502453792117943
"016450",7.83168316831683,0.265480785366672,1.09178743961353,0.0570913027787802
"016580",15.4669031283422,1.05366516757741,11.7097606680162,1.81677819409548
"016590",4.08755665232975,0.397500280934123,2.18472855555556,0.35263707668522
"016610",3.12440430371134,0.186709719972893,NA,NA
"016710",16.6853648888889,0.417288673582808,3.95179694736842,0.245212743305029
"016740",8.52264882644628,0.582292776962168,4.81888087850467,0.221343745009659
"016800",NA,0.742227979274611,13.9018987341772,1.08130948473909
"016880",NA,0.319653989249271,3.88110861283186,0.106980186181242
"017040",10.2926835625,0.781228353889943,4.016657,0.624271937073541
"017180",NA,2.47330772194514,NA,1.3285953067649
"017370",9.01493520172414,0.457050910576923,1.80298704034483,0.174056671671105
"017390",11.6609589041096,0.351828890266584,1.61069063386944,0.250183688464364
"017550",933.9433199,0.930222430179283,7.41224857063492,0.591852547465146
"017670",19.4174425823126,0.757096070015554,4.33495952284188,0.973843231907663
"017800",36.5718308505155,1.87063256301413,17.3895470220588,0.947254363818425
"017810",199.705409285714,1.50932613366444,8.18464792154567,0.293499446777241
"017900",40.7261877085714,0.640924716636691,14.254165698,0.857651365703971
"017940",NA,0.213216986620128,4.69038391224863,0.0556743267582406
"017960",20.713712620339,1.17247429926447,NA,1.34101211916606
"018250",14.1889915204327,1.743757894387,18.2179644212963,0.841668397618708
"018260",18.2807022403259,2.00198316778683,15.0634786305661,1.25599249972014
"018470",NA,0.370866370044053,12.7555554545455,0.135001067992303
"018500",NA,NA,NA,NA
"018670",4.86199762617999,0.465180288294798,2.51079435424114,0.156673241832451
"018880",15.9218210361067,2.16945454545455,6.51477389516958,0.708828380531716
"019170",2231.60310823529,18.0912030710539,195.552849690722,19.998551839747
"019180",2.75722543352601,0.75594294770206,3.0974025974026,0.118597712580806
"019440",8.1415,0.273538485033598,6.35152482269504,0.124817421602787
"019490",NA,0.9282578625731,NA,0.457441194524496
"019680",20.4740320857988,0.564271269161774,4.60733877829561,0.454142462593516
"020000",9.21098475967175,0.751431713848508,5.76024193548387,0.623668042546436
"020120",52.5109125037037,6.75140303619048,177.2243297,5.31009227565543
"020150",48.9188666185897,2.77772744206503,47.4979866753112,4.16103772764449
"020560",NA,1.05559351285919,1.71519783135957,0.137643284006144
"020760",NA,1.7056213359841,NA,0.896476
"021050",56.3569326451613,1.62215869266481,97.0591617777778,0.677945251067132
"021240",16.7595409924902,5.17940140772373,10.3453573083627,1.8481073226672
"021820",NA,NA,NA,NA
"023000",NA,0.383992377322535,4.31016042780749,0.299294467137022
"023150",NA,0.64957048790932,4.52420146842105,0.637526535723115
"023350",NA,0.458065445026178,1.73592261904762,0.199841251713111
"023450",NA,1.56271812080537,41.5794642857143,0.923255352894528
"023530",NA,0.185395606509994,1.34807116935484,0.125214101123595
"023590",5.14525424311927,0.35786187645447,NA,0.29376540171006
"023800",NA,0.41801526272,1.93525584592593,0.158595430513962
"023810",NA,0.423566878980892,2.69075144508671,0.129018847006652
"023960",NA,0.202967801802962,NA,0.131282380758017
"024070",31.6978604090909,0.295488529237288,8.94042216666667,0.301884384848485
"024090",NA,0.740040068689181,5.525,0.889779766001377
"024110",3.49652140004982,0.246512388337153,NA,NA
"024720",12.4256140642202,0.897245401126201,6.44181656599287,0.912970632288507
"024890",16.8833738418605,0.914338885642317,6.84891580377359,0.545443332231405
"024900",NA,0.820764993474714,7.08632311267606,0.0370111035015448
"025000",5.40941176470588,0.46356647763075,3.36952671755725,0.288238213399504
"025530",7.68034697142857,0.148867484810127,1.74230093333333,0.234040423880597
"025540",12.4065830721003,0.557265558997465,6.39369951534733,0.512589042870095
"025560",NA,0.861352129032258,NA,2.02433298194946
"025620",NA,1.92351739699812,29.2924220742857,1.94911553726236
"025750",NA,0.56688188498703,36.4221611104167,0.331236023740053
"025820",NA,0.527075,9.35789298245614,0.253637612933904
"025860",NA,0.904292303456221,8.66363928697572,0.330578554329515
"025890",NA,0.481170336335404,51.6456161,0.426823273553719
"026890",68.5547551401869,4.68713022364217,NA,4.43492067714631
"026940",NA,0.952888888888889,23.304347826087,0.810279667422525
"026960",15.2936449963477,1.54870922405503,19.6039325842697,4.16905615292712
"027410",15.0691676537175,0.265236282068311,29.3739572380435,1.68689392378277
"027740",NA,1.36911696857143,NA,0.49961157065784
"027970",NA,1.25974248430079,3.27015343527397,0.268678897889702
"028050",8.03827751196172,1.80520377619157,2.99961739574034,0.369346733668342
"028100",9.53289473684211,0.934115523465704,11.3203125,0.475518508794959
"028260",19.3098260056185,0.759672273388006,26.3067569907888,0.659176187393333
"028670",12.5284159112574,0.656342947722021,4.70125093112648,0.771127832132582
"029460",6.34758694257426,0.631880821210329,10.3071749389068,0.626202657941004
"029530",16.1975638413793,0.269773346772341,5.17323074229075,0.549905585811285
"029780",NA,0.471237441643466,2.76700033422733,NA
"030000",16.4939627443881,2.38066080163043,11.389081275,0.665697242598708
"030200",9.99410505426357,0.407476779456114,1.65234162383851,0.254224156896899
"030210",3.00968522954092,0.259750611541774,NA,NA
"030610",5.28840732550898,0.459550433635134,57.3483132051948,NA
"030720",6.98833668852459,0.837502039292731,2.23187716230366,0.259932035365854
"030790",NA,2.03001531037975,NA,1.43959793105925
"031430",14.3764864864865,1.77517103287168,10.3287378640777,0.746568421052632
"031440",47.7899236363636,0.667329939701682,7.30123833333333,0.159287678206196
"031820",NA,0.908022779978925,NA,0.360851598911223
"032350",NA,3.76094411662198,NA,12.6953136244344
"032560",3.49721115537849,0.298368456832087,2.76908517350158,0.360344827586207
"032640",11.53951193347,0.689111215249809,2.24837600443931,0.409036648974318
"032830",9.6378146101903,0.252435926295141,1.08971022037133,NA
"033180",NA,1.48088551189427,16.532508747541,2.98588610984456
"033240",NA,0.854522613065327,10.4416666666667,0.655840220385675
"033250",NA,NA,NA,NA
"033270",NA,1.61429336613093,10.7802680026178,1.8608505996385
"033530",26.9552147142857,0.395984266526758,2.1290437574048,0.123556685274617
"033660",NA,0.791786201474202,NA,NA
"033780",10.7555723650748,1.28052823446169,10.6936697903118,2.24616190288524
"033920",6.45759493670886,0.297232472324723,510.15,0.919741586538461
"034020",NA,0.406119113366656,5.80758759764814,0.160842847634374
"034120",15.0560638324873,0.458359538711173,NA,0.362730166931638
"034220",NA,0.355285721835638,1.63935513763163,0.189001119460206
"034300",NA,0.433198380566802,1.421926910299,0.0842353867348947
"034310",26.9197851027397,0.642413962896371,3.01171542145594,0.41862796240081
"034590",9.83297511214953,0.56871802,3.73095154964539,0.183457425806452
"034730",22.2174923609368,0.305400790119695,1.99736893649421,0.160546733382293
"034830",4.02112477407407,0.492717807578852,127.729845764706,NA
"035000",5.41418594771242,0.579685409377187,4.18368914141414,0.152807683084302
"035150",17.9008823529412,0.856019690576653,20.9872413793103,0.259599061633611
"035250",14.5418176725426,1.3091469081177,11.9322048909046,3.20185933491218
"035420",81.1316373863831,7.27376770245545,34.8672300707547,7.17503226863227
"035510",NA,1.03182730923695,NA,0.450745614035088
"035720",NA,5.04264891918259,38.4553063119437,9.42813232826292
"036420",446.865572727273,1.16869265335235,12.3505560301508,0.886958011548178
"036460",60.1937860824742,0.286689854538759,1.17610982979152,0.093485822132204
"036530",3.9390188576,0.151416863644751,2.75996276457399,0.162812432114278
"036570",48.66413586823,6.93873635379349,44.4454193472718,10.2465868022572
"036580",NA,0.7529228315,16.019634712766,0.193885707682403
"037270",NA,1.71702435778175,23.1281112289157,1.54187408192771
"037560",NA,0.326053499763482,1.23871683037141,0.278883918652221
"037710",NA,0.326678765880218,2.907133243607,1.39444803098773
"039130",NA,2.41808716383662,18.4231186363636,0.690384162735849
"039490",5.95742715545755,0.957029123273114,NA,NA
"039570",NA,0.785901542111506,NA,0.524972266244057
"041650",12.5686536585366,0.291302882984737,6.96371351351351,0.131491400867568
"042660",NA,0.672373554448853,0.993153479249439,0.302044033115197
"042670",6.44019111596499,0.362030614096916,2.7229500329926,0.188741704991571
"042700",32.6887765414508,2.87161305075102,23.1946098253676,5.2399782994186
"044380",NA,1.5603454,83.283435725,0.945060263546099
"044450",8.38489367241379,0.697488466116888,2.36079530582524,0.841390714532872
"044820",521.01271425,0.609193468868752,NA,0.444929730358668
"047040",7.48160597166827,0.627225707615947,NA,0.180383846980432
"047050",8.33695491093601,0.57273657634264,1.08499587218769,0.0714812656453449
"047400",95.504347826087,2.55121951219512,33.2818181818182,2.01338221814849
"047810",14.5583419785798,2.09663748575896,6.9978602909732,0.797614774982316
"049770",10.7785274581431,1.03956144157369,5.27682007451565,0.233689487509488
"049800",NA,0.686311787072243,2.52447552447552,0.198569856985699
"051600",8.71819960861057,1.25681775437277,8.32191780821918,1.07185820835672
"051630",NA,1.62247191011236,33.3230769230769,0.973483146067416
"051900",27.0975015422182,4.97617850652569,18.5017251228501,2.74345719806386
"051910",118.930303458839,2.14410871639112,11.9421861215597,1.30210505166812
"052690",NA,1.26959975619667,23.0589298892989,1.39299375835934
"053210",7.74260401904762,0.599299942500709,2.77210609468852,0.608618167923985
"053690",4.10785282511211,0.738155664786463,4.10785282511211,0.310841934170343
"055490",14.9288792763158,1.12670786991063,8.66102919847328,1.00763305950266
"055550",4.31319308836492,0.35010285321032,2.04484645162975,NA
"057050",8.60535506402794,0.426839126919968,22.8148148148148,0.33493429995469
"058430",28.8888888888889,0.352781546811398,NA,0.0850878149885459
"058650",9.48051948051948,0.0962933649914259,0.798250410060142,0.0592208002920478
"058730",40.3236842105263,0.621370640713706,6.965,0.354370952821462
"058850",10.5270439189189,0.474711304082876,3.116005,0.0824427188062229
"058860",NA,0.464233452168746,2.13471284153005,0.173238337028825
"060980",7.0068594890511,0.324999351089042,6.3015738512035,0.360698803857715
"063160",17.7067228780488,1.37408638107256,12.8113347882353,1.58741028717201
"064350",NA,1.69441612866689,NA,0.608303175700403
"064960",266.567583333333,0.869242119565217,6.44272104733132,0.655292635460412
"066570",379.056438178914,0.72233755136955,3.21599981432289,0.190421924543625
"067830",4.02127155044843,0.200210662145568,3.42268532729008,0.563281127983668
"068270",143.962549521169,14.7379617260062,90.3866133702532,37.964780449712
"068290",44.3877551020408,1.79012345679012,5.97527472527473,1.07673267326733
"068400",20.1864593865031,0.954567125036263,NA,0.513401916055547
"069260",9.84221685511364,1.03154989816883,6.45752158993476,1.05015469324038
"069460",NA,2.37943758655303,31.4085761425,0.534614062
"069620",57.66954375,1.99517213791477,22.0265618489583,1.13950957652236
"069640",NA,0.324016282803181,40.7450475625,0.106003375772358
"069730",NA,0.44600422832981,4.36468965517241,0.330485639686684
"069960",7.18591181658939,0.280116780189987,3.69479598304636,0.634310556914821
"070960",NA,0.541165568089944,9.07598863771186,1.65528077163833
"071050",3.28672586512068,0.551945301251739,NA,NA
"071090",NA,0.264675439310885,NA,0.157718402239851
"071320",NA,0.264598602589251,2.14341685805085,0.170901263904726
"071840",NA,0.386931124408138,5.70278319018405,0.184687179436235
"071950",15.9453106136364,1.38654874901186,7.15911905102041,0.310714644375554
"071970",NA,0.494096697337278,NA,0.262999501889764
"072130",NA,1.20026445988701,NA,1.59734443157895
"072710",10.3780054918033,0.41192387051296,20.643206576087,0.707723124650643
"073240",NA,0.654480539389602,5.77461805607509,0.357074770055293
"074610",NA,4.82537359781659,NA,5.47034927673267
"075180",NA,0.366422535211268,4.81777777777778,0.511119842829077
"075580",94.013164,1.39021314602588,NA,0.76252650760392
"077500",11.1164602854331,1.31696870918843,NA,0.842105849239487
"077970",6.56430496470588,0.563839247494737,1.83692484609053,0.219311859285948
"078000",28.0927185348837,1.0872969369937,NA,2.8899208062201
"078520",NA,0.876162419227769,44.0486361352941,0.532089162221696
"078930",5.96093141948529,0.294808554225192,2.0440914600353,0.18231915328262
"079160",NA,0.681203471219431,1.44536324232263,0.210817796710086
"079430",20.7985548461538,0.885527990174673,4.24238304916318,0.327708322155785
"079550",229.28125,1.15725552050473,4.85894039735099,0.505059544296827
"079980",NA,0.561789952032315,NA,0.216190614981055
"081000",71.014875,4.34706439599133,19.9123594913151,4.98117993482309
"081660",7.71926658845577,1.1435950501416,6.4540906480727,0.596887411836309
"082640",NA,0.18640725354644,1.45087536781867,NA
"082740",NA,0.844215893156499,NA,0.235999845558357
"083420",NA,0.734377880184332,3.60542986425339,0.34359637774903
"084010",5.42064382325581,0.353086732482147,5.68506547317073,0.159695976392287
"084670",2.33499390396341,0.579332829425113,5.10585333666667,0.545108897153025
"084680",NA,1.02340362914729,21.6424701901639,2.16188430393013
"084690",4.25735232365145,0.254532847928554,1.55379390711762,0.0866450592540464
"084870",NA,0.353423348885794,3.8063694675,0.180567811551233
"085310",NA,0.994218923968785,NA,0.821948732534562
"085620",5.27007101497717,0.246981714590199,1.53804044813433,NA
"086280",8.2495520605216,0.887255636682868,5.59210526315789,0.226804998330606
"086790",3.60300517620003,0.297291931612431,1.31961395724284,NA
"088260",NA,NA,NA,NA
"088350",12.8462853585657,0.0921703279426583,1.28016580645161,NA
"088790",NA,0.319587433366633,6.27268668235294,0.410663698074454
"088980",NA,NA,NA,NA
"089470",9.99291666666667,0.465278659611993,1.22932432432432,0.157952939767692
"089590",NA,1.2890570661335,4.99490407866508,0.302798014595376
"090080",NA,1.97484245059701,NA,0.187255086597792
"090350",7.89417989417989,0.462779156327543,2.52027027027027,0.23042471042471
"090370",NA,1.30966508677474,NA,0.883157354257768
"090430",39.9025706448911,2.11806123188406,13.2656743282751,1.70762779699289
"091090",NA,1.00435350772933,NA,0.975089771660253
"091810",NA,0.604281594282689,0.870700176659039,0.140854878035538
"092200",NA,0.332255909242343,0.911988565044248,0.107460592127216
"092220",NA,0.454829850280374,5.53031749772727,0.482566127714427
"092230",5.19151104664723,0.150739718022518,1.96761136906077,0.176253418687519
"092440",NA,NA,NA,NA
"092780",7.11368354639175,0.637733182994455,2.60387661886792,0.189152221491228
"093050",5.23378698224852,0.254260869565217,2.31093403004572,0.191069827725874
"093230",288.428177092,1.04578744413343,NA,1.02279495422695
"093240",NA,NA,NA,NA
"093370",92.4924895938272,3.08435226722931,23.5594077267296,3.01000066576939
"094280",27.5577453703704,5.75674371373308,16.3529478021978,0.766676069036579
"094800",NA,NA,NA,NA
"095570",3.33863320869565,0.442203073999424,NA,0.12768301263718
"095720",NA,0.611161654114713,5.68841369361702,0.450921478012879
"096300",NA,NA,NA,NA
"096760",NA,1.0357161814562,3.68954214184397,0.501318570209251
"096770",NA,0.675353660267112,6.73563370139117,0.246567421771776
"097230",1.77005502452583,2.20931765918367,3.47198734124439,0.332320006446464
"097950",36.1794043868852,0.581907838316722,2.57447583827166,0.246834097707192
"100220",8.08558311769912,0.426152468423507,3.39654606802974,0.458210076379137
"100250",8.90252829536424,0.360687355138181,6.16643014954128,0.596663014913449
"100840",7.57935659032258,0.479510314897959,NA,0.550773685654008
"101060",NA,0.43804936242505,NA,1.09676746121768
"101140",NA,2.45592035636364,NA,16.5398717877551
"101530",NA,1.02344257582958,3.7175942375,0.362061351826087
"102260",30.677269975,0.410594435611855,3.76738403201754,0.202156639044481
"102280",NA,0.653982827909638,NA,1.12498600448705
"102460",44.056779661017,1.16929824561404,NA,1.97518996960486
"103140",37.4187802840909,0.475914534614829,3.26509932077343,0.268661743972586
"103590",29.0978060416667,0.344919663319065,4.10792555882353,0.156744129507706
"104700",NA,0.288725686301559,14.6361713286713,0.291054443053817
"105560",4.48225821124464,0.379463404099767,1.57906780814195,NA
"105630",NA,0.931868131868132,4.82366325369738,0.220557636287973
"105840",NA,0.555675614920874,NA,0.829450552305962
"107590",7.08051948051948,0.551821862348178,NA,0.578768577494692
"108670",47.3894975,0.600129007641921,1.59431024071926,0.172498484686833
"109070",NA,4.74873506451613,NA,0.32142093231441
"111110",26.4285714285714,0.594377510040161,13.7037037037037,0.238863783085862
"111770",6.54147047143716,0.552486815337735,4.69303942795513,0.455489904702089
"112610",39.0147799373041,3.36552590589508,14.5224210035006,1.55688201150863
"114090",10.8503730524862,1.34239065105947,6.67999157312925,1.60058477791361
"115390",35.6838585365854,0.855577894736842,14.4141694581281,1.20414666666667
"117580",10.3759615384615,0.440089722675367,2.83377100840336,0.174070847851336
"118000",NA,3.95953067548747,118.455959375,2.5293087411032
"119650",40.9157894736842,1.02020997375328,1.5455268389662,0.258616101131071
"120030",NA,1.24057881447964,8.95973588235294,2.141936859375
"120110",28.2655231384615,0.432031934346047,7.44432335494327,0.20843835133418
"122900",18.422123552795,0.695418966471278,2.80336662759924,0.101442023804638
"123690",NA,6.23091477272727,40.6163333333333,1.67170884146341
"123700",5.82888837058823,0.226493948114286,1.97196223482587,0.251340779454661
"123890",3.90197835535714,0.52812275021148,NA,NA
"126560",12.2581594333333,0.624893360188806,5.63011453924666,1.58196799788324
"128820",NA,0.373750399173767,NA,0.166402494079779
"128940",64.6706669961612,4.09746047731971,271.72110891129,3.0256301638829
"129260",NA,0.472136069034406,4.15019120195122,0.177914930238394
"130660",6.03947976878613,1.21775058275058,10.1439805825243,0.333172831632653
"133820",NA,0.850244299674267,6.47169421487603,0.580916172106825
"134380",NA,1.12655941625857,5.40008058215962,0.743514650290886
"134790",NA,3.14375,5.71590909090909,0.521513737687921
"136490",11.1675243084112,0.721355328101419,15.2219758089172,0.235685424260355
"138040",2.9298151876004,0.195782950190376,NA,NA
"138250",NA,0.971772098475967,NA,0.832250602409639
"138490",29.5907407407407,0.808653846153846,NA,0.483772328186497
"138930",2.96831814215582,0.181761475571821,NA,NA
"139130",2.63999757675626,0.159227604706814,NA,NA
"139480",13.2287982428388,0.303155369414208,3.79286088379505,0.162316117117542
"140910",NA,NA,NA,NA
"143210",19.6452553043478,0.417984155411656,3.45796585714286,0.219446756677999
"144620",NA,2.89805569830028,NA,2.06045047633434
"145210",NA,4.43192150930233,NA,0.958614813380282
"145270",NA,NA,NA,NA
"145720",33.5804369594595,2.40673349636804,NA,1.96749986935867
"145990",20.4438190236686,0.533797669370413,4.13031131500299,0.329613185937798
"152330",NA,0.778609032973123,3.94662921348315,0.616228070175439
"152550",NA,NA,NA,NA
"153360",NA,NA,NA,NA
"155660",7.54942528735632,0.422923374114617,4.75942028985507,0.277951756242065
"155900",NA,NA,NA,NA
"161000",7.14334426229508,0.6052,4.33145129224652,0.214230088495575
"161390",7.58900899475566,0.442952648221839,4.18728038050769,0.4625091559717
"161890",35.1866943298969,1.20761033730393,6.21318449635922,0.664589345751931
"163560",13.3210843373494,0.571395348837209,10.7344660194175,0.422164948453608
"168490",NA,NA,NA,NA
"170900",11.5165308265162,1.2641616900449,14.5030556944938,1.33353264020905
"172580",NA,NA,NA,NA
"175330",2.71650876048552,0.243147375572019,61.5082347821192,NA
"180640",NA,3.63177584120504,39.5073808392037,4.28721556925634
"181710",130.4335,0.877307404166895,14.8963050139276,1.07774556630391
"183190",8.4758281827957,0.29339405248139,2.15959457808219,0.282595131811663
"185750",27.6686242115028,3.13966072631579,19.2928699223803,1.38176488928009
"192080",12.710557593835,2.16621523887515,8.52782544160584,2.72863858038147
"192400",7.21097202141058,0.849860736974915,14.6058974107143,1.08376145845164
"192650",30.0029205333333,3.25676206603347,16.2544039006772,1.28652866321244
"192820",28.7264266698113,2.88625708720379,12.2453132453083,0.686481076200496
"194370",11.0587910731707,0.577961037603569,4.38077714009662,0.358285605689451
"195870",17.5109289617486,1.53693045563549,9.56567164179105,0.840194022024122
"200880",NA,0.157839810666023,0.512073206210856,0.0496323483963982
"204210",NA,NA,NA,NA
"204320",9.94386070588235,0.692984742684157,4.03228113027523,0.183686890118524
"207940",248.159512074914,11.563110575267,4936.42794117647,71.7667688141391
"210540",6.82157876439791,0.780192541317365,2.605843088,0.379307581950509
"210980",14.2743437639198,1.77343119811843,2.31294852038975,1.40954043325269
"213500",8.65745952,0.565754583891521,1.73670201003009,0.181061581512078
"214320",13.2608695652174,1.24967989756722,7.15542521994135,0.76591069606843
"214330",NA,1.22798947699884,29.4376366291667,0.844089939187575
"214390",NA,1.72251169571046,10.8438289029536,1.34062986437141
"214420",NA,1.8248275862069,99.96,1.04609302325581
"226320",NA,1.01878886167753,24.4766596717172,2.36986729339853
"227840",8.82692734368932,0.506503351754875,NA,0.494384728874388
"229640",13.20697906875,1.31086640880893,NA,0.406134278493177
"234080",14.2438682100457,2.5443777634584,12.8370664115226,1.83278915276146
"241560",10.2975530676222,0.704170337438114,5.76891947642578,0.621333197999823
"241590",10.6230214182692,1.80374567755102,9.56531798701299,0.551661564996671
"248170",7.9007483619403,1.34866277770701,4.98211896705882,0.754060028846154
"249420",NA,1.52005952056149,9.28558098429952,0.742846478743961
"251270",70.125733125,2.3534656471183,28.690307808812,5.02116600151466
"264900",NA,0.77965376056338,3.20900968115942,0.286370496637351
"267250",21.8462400202079,0.318373099152692,3.13849433601526,0.142085097482942
"267260",NA,0.517386042202228,6.30041229130435,0.204547290807972
"267270",136.366426546875,0.276693021970706,2.80986841564713,0.153000443515305
"267290",4.04256411428571,0.291645526501767,2.91302414117647,0.069616096717509
"267850",NA,1.44457446808511,NA,0.82765136123527
"268280",10.3287878787879,1.64067388688327,5.93642960812772,1.08234982799682
"271560",24.6642381910946,3.18897136671664,15.2892747383554,2.62818650422577
"271980",NA,4.22116325647059,24.7447501241379,1.06880809294013
"272210",14.7125059666667,1.10753994730483,2.6249184654185,0.693752706966365
"272450",NA,1.58841940532081,4.71362229102167,0.334541858932103
"272550",NA,0.913558328441649,4.23075070550162,0.696484799147576
"280360",17.7680746325459,0.520421005150676,3.54431226963351,0.323441779025323
"281820",NA,1.58852254419411,11.3157717037037,1.72743593667546
"282330",14.3842282430647,3.49786725987793,4.0874102027027,0.366252191520492
"282690",5.94911985829959,0.411721099747829,6.67923911363636,0.941943977564103
"284740",12.620998125,1.78645845019659,100.967985,1.23224450580081
"285130",323.996068867925,4.77857009878948,28.1274228501228,2.4063609375
"286940",9.53106204761905,1.33298152612705,4.43267451277683,0.615343487998108
"293480",NA,1.65456196096232,11.4984227129338,2.19182200841852
"293940",NA,NA,NA,NA
"294870",3.47299926033357,0.643805078639602,NA,0.340751759516186
"298000",3.94223998861048,0.761224259951616,2.12088646446078,0.19096754262069
"298020",5.2294761009667,0.835101586620926,1.39303068669528,0.0813732387892564
"298040",34.4154118931298,0.455165972539122,5.99523797606383,0.119226184957952
"298050",NA,1.414487775037,4.51522318110236,0.187789279538905
"298690",NA,1.90265032377428,1.82823555555556,0.324820751737208
"300720",NA,0.391087801826175,2.88870931723564,0.366660313887127
"306200",NA,0.282041036414566,2.44464097116844,0.131275945241199
"307950",14.7826475849732,1.60456310679612,10.3036159600997,0.52573482631378
"308170",48.8744117647059,2.55127430910952,12.4009701492537,0.85333618623759
"316140",3.34861846407435,0.245928515215967,3.35202025794792,NA
"317400",NA,1.18500191867677,7.57461578854626,0.618725363080245
"322000",14.0595744680851,1.03932054105064,20.2699386503067,0.740641111858328
"326030",NA,NA,NA,120.09295803067
"330590",NA,NA,NA,NA
"334890",NA,NA,NA,NA
"336260",NA,15.3040251558753,20.9754428594905,11.5402866003617
"336370",NA,11.2753552434783,166.7141811,26.049090796875
"338100",NA,NA,NA,NA
"344820",NA,NA,NA,NA
"353200",NA,NA,NA,NA
"900140",NA,0.580379332003682,7.13757072830189,0.520059456420126
